Свежие приколы про животных,Свежие приколы про животных,Свежие приколы про животных,Pets,TRUE,F:\Visual Studio\Projects\generatorOfVideoImages\generatorOfVideoImages\bin\Debug\video\Свежие приколы про животных.wmv
Приколы про животных фото видео,Приколы про животных фото видео,Приколы про животных фото видео,Pets,TRUE,F:\Visual Studio\Projects\generatorOfVideoImages\generatorOfVideoImages\bin\Debug\video\Приколы про животных фото видео.wmv
Видео приколы животный,Видео приколы животный,Видео приколы животный,Pets,TRUE,F:\Visual Studio\Projects\generatorOfVideoImages\generatorOfVideoImages\bin\Debug\video\Видео приколы животный.wmv
Прикол про животных,Прикол про животных,Прикол про животных,Pets,TRUE,F:\Visual Studio\Projects\generatorOfVideoImages\generatorOfVideoImages\bin\Debug\video\Прикол про животных.wmv
Прикол животный,Прикол животный,Прикол животный,Pets,TRUE,F:\Visual Studio\Projects\generatorOfVideoImages\generatorOfVideoImages\bin\Debug\video\Прикол животный.wmv
Приколы про животных,Приколы про животных,Приколы про животных,Pets,TRUE,F:\Visual Studio\Projects\generatorOfVideoImages\generatorOfVideoImages\bin\Debug\video\Приколы про животных.wmv
Видео приколы про животных,Видео приколы про животных,Видео приколы про животных,Pets,TRUE,F:\Visual Studio\Projects\generatorOfVideoImages\generatorOfVideoImages\bin\Debug\video\Видео приколы про животных.wmv
Смотреть приколы про животных,Смотреть приколы про животных,Смотреть приколы про животных,Pets,TRUE,F:\Visual Studio\Projects\generatorOfVideoImages\generatorOfVideoImages\bin\Debug\video\Смотреть приколы про животных.wmv
Бесплатные приколы про животных,Бесплатные приколы про животных,Бесплатные приколы про животных,Pets,TRUE,F:\Visual Studio\Projects\generatorOfVideoImages\generatorOfVideoImages\bin\Debug\video\Бесплатные приколы про животных.wmv
Приколы про животных бесплатно,Приколы про животных бесплатно,Приколы про животных бесплатно,Pets,TRUE,F:\Visual Studio\Projects\generatorOfVideoImages\generatorOfVideoImages\bin\Debug\video\Приколы про животных бесплатно.wmv
Ютуб приколы с животными,Ютуб приколы с животными,Ютуб приколы с животными,Pets,TRUE,F:\Visual Studio\Projects\generatorOfVideoImages\generatorOfVideoImages\bin\Debug\video\Ютуб приколы с животными.wmv
Смотреть бесплатные приколы про животных,Смотреть бесплатные приколы про животных,Смотреть бесплатные приколы про животных,Pets,TRUE,F:\Visual Studio\Projects\generatorOfVideoImages\generatorOfVideoImages\bin\Debug\video\Смотреть бесплатные приколы про животных.wmv
Приколы про животных онлайн,Приколы про животных онлайн,Приколы про животных онлайн,Pets,TRUE,F:\Visual Studio\Projects\generatorOfVideoImages\generatorOfVideoImages\bin\Debug\video\Приколы про животных онлайн.wmv
Смотреть видео приколы про животных,Смотреть видео приколы про животных,Смотреть видео приколы про животных,Pets,TRUE,F:\Visual Studio\Projects\generatorOfVideoImages\generatorOfVideoImages\bin\Debug\video\Смотреть видео приколы про животных.wmv
Приколы животных смотреть онлайн бесплатно,Приколы животных смотреть онлайн бесплатно,Приколы животных смотреть онлайн бесплатно,Pets,TRUE,F:\Visual Studio\Projects\generatorOfVideoImages\generatorOfVideoImages\bin\Debug\video\Приколы животных смотреть онлайн бесплатно.wmv
Приколы про животных смотреть онлайн,Приколы про животных смотреть онлайн,Приколы про животных смотреть онлайн,Pets,TRUE,F:\Visual Studio\Projects\generatorOfVideoImages\generatorOfVideoImages\bin\Debug\video\Приколы про животных смотреть онлайн.wmv
Ютуб приколы с животными видео,Ютуб приколы с животными видео,Ютуб приколы с животными видео,Pets,TRUE,F:\Visual Studio\Projects\generatorOfVideoImages\generatorOfVideoImages\bin\Debug\video\Ютуб приколы с животными видео.wmv
Приколы про животных онлайн бесплатно,Приколы про животных онлайн бесплатно,Приколы про животных онлайн бесплатно,Pets,TRUE,F:\Visual Studio\Projects\generatorOfVideoImages\generatorOfVideoImages\bin\Debug\video\Приколы про животных онлайн бесплатно.wmv
Приколы видео животные смотреть бесплатно,Приколы видео животные смотреть бесплатно,Приколы видео животные смотреть бесплатно,Pets,TRUE,F:\Visual Studio\Projects\generatorOfVideoImages\generatorOfVideoImages\bin\Debug\video\Приколы видео животные смотреть бесплатно.wmv
Приколы с животными смотреть бесплатно,Приколы с животными смотреть бесплатно,Приколы с животными смотреть бесплатно,Pets,TRUE,F:\Visual Studio\Projects\generatorOfVideoImages\generatorOfVideoImages\bin\Debug\video\Приколы с животными смотреть бесплатно.wmv
Приколы с животными 2013,Приколы с животными 2013,Приколы с животными 2013,Pets,TRUE,F:\Visual Studio\Projects\generatorOfVideoImages\generatorOfVideoImages\bin\Debug\video\Приколы с животными 2013.wmv
Бесплатные видео приколы про животных,Бесплатные видео приколы про животных,Бесплатные видео приколы про животных,Pets,TRUE,F:\Visual Studio\Projects\generatorOfVideoImages\generatorOfVideoImages\bin\Debug\video\Бесплатные видео приколы про животных.wmv
Приколы видео про животных бесплатно,Приколы видео про животных бесплатно,Приколы видео про животных бесплатно,Pets,TRUE,F:\Visual Studio\Projects\generatorOfVideoImages\generatorOfVideoImages\bin\Debug\video\Приколы видео про животных бесплатно.wmv
Фото приколы про животных,Фото приколы про животных,Фото приколы про животных,Pets,TRUE,F:\Visual Studio\Projects\generatorOfVideoImages\generatorOfVideoImages\bin\Debug\video\Фото приколы про животных.wmv
Видео приколы животные смотреть онлайн,Видео приколы животные смотреть онлайн,Видео приколы животные смотреть онлайн,Pets,TRUE,F:\Visual Studio\Projects\generatorOfVideoImages\generatorOfVideoImages\bin\Debug\video\Видео приколы животные смотреть онлайн.wmv
Смешные приколы про животных,Смешные приколы про животных,Смешные приколы про животных,Pets,TRUE,F:\Visual Studio\Projects\generatorOfVideoImages\generatorOfVideoImages\bin\Debug\video\Смешные приколы про животных.wmv
Приколы про животных картинки,Приколы про животных картинки,Приколы про животных картинки,Pets,TRUE,F:\Visual Studio\Projects\generatorOfVideoImages\generatorOfVideoImages\bin\Debug\video\Приколы про животных картинки.wmv
Видео приколы 2013 про животных,Видео приколы 2013 про животных,Видео приколы 2013 про животных,Pets,TRUE,F:\Visual Studio\Projects\generatorOfVideoImages\generatorOfVideoImages\bin\Debug\video\Видео приколы 2013 про животных.wmv
Онлайн видео приколы про животных,Онлайн видео приколы про животных,Онлайн видео приколы про животных,Pets,TRUE,F:\Visual Studio\Projects\generatorOfVideoImages\generatorOfVideoImages\bin\Debug\video\Онлайн видео приколы про животных.wmv
Приколы с животными и детьми,Приколы с животными и детьми,Приколы с животными и детьми,Pets,TRUE,F:\Visual Studio\Projects\generatorOfVideoImages\generatorOfVideoImages\bin\Debug\video\Приколы с животными и детьми.wmv
Видео приколы животные и дети,Видео приколы животные и дети,Видео приколы животные и дети,Pets,TRUE,F:\Visual Studio\Projects\generatorOfVideoImages\generatorOfVideoImages\bin\Debug\video\Видео приколы животные и дети.wmv
Приколы про животных скачать,Приколы про животных скачать,Приколы про животных скачать,Pets,TRUE,F:\Visual Studio\Projects\generatorOfVideoImages\generatorOfVideoImages\bin\Debug\video\Приколы про животных скачать.wmv
Приколы про животных с надписями,Приколы про животных с надписями,Приколы про животных с надписями,Pets,TRUE,F:\Visual Studio\Projects\generatorOfVideoImages\generatorOfVideoImages\bin\Debug\video\Приколы про животных с надписями.wmv
Фото приколы с животными с надписями,Фото приколы с животными с надписями,Фото приколы с животными с надписями,Pets,TRUE,F:\Visual Studio\Projects\generatorOfVideoImages\generatorOfVideoImages\bin\Debug\video\Фото приколы с животными с надписями.wmv
Лучшие приколы про животных,Лучшие приколы про животных,Лучшие приколы про животных,Pets,TRUE,F:\Visual Studio\Projects\generatorOfVideoImages\generatorOfVideoImages\bin\Debug\video\Лучшие приколы про животных.wmv
Смотреть ютуб приколы про животных,Смотреть ютуб приколы про животных,Смотреть ютуб приколы про животных,Pets,TRUE,F:\Visual Studio\Projects\generatorOfVideoImages\generatorOfVideoImages\bin\Debug\video\Смотреть ютуб приколы про животных.wmv
Смешные приколы про животных видео,Смешные приколы про животных видео,Смешные приколы про животных видео,Pets,TRUE,F:\Visual Studio\Projects\generatorOfVideoImages\generatorOfVideoImages\bin\Debug\video\Смешные приколы про животных видео.wmv
Смотреть приколы про животных 2013,Смотреть приколы про животных 2013,Смотреть приколы про животных 2013,Pets,TRUE,F:\Visual Studio\Projects\generatorOfVideoImages\generatorOfVideoImages\bin\Debug\video\Смотреть приколы про животных 2013.wmv
Смотреть смешные приколы про животных,Смотреть смешные приколы про животных,Смотреть смешные приколы про животных,Pets,TRUE,F:\Visual Studio\Projects\generatorOfVideoImages\generatorOfVideoImages\bin\Debug\video\Смотреть смешные приколы про животных.wmv
Приколы про животных видео скачать,Приколы про животных видео скачать,Приколы про животных видео скачать,Pets,TRUE,F:\Visual Studio\Projects\generatorOfVideoImages\generatorOfVideoImages\bin\Debug\video\Приколы про животных видео скачать.wmv
Самые смешные животные видео приколы,Самые смешные животные видео приколы,Самые смешные животные видео приколы,Pets,TRUE,F:\Visual Studio\Projects\generatorOfVideoImages\generatorOfVideoImages\bin\Debug\video\Самые смешные животные видео приколы.wmv
Картинки приколы животные с надписями,Картинки приколы животные с надписями,Картинки приколы животные с надписями,Pets,TRUE,F:\Visual Studio\Projects\generatorOfVideoImages\generatorOfVideoImages\bin\Debug\video\Картинки приколы животные с надписями.wmv
Игры приколы над животными,Игры приколы над животными,Игры приколы над животными,Pets,TRUE,F:\Visual Studio\Projects\generatorOfVideoImages\generatorOfVideoImages\bin\Debug\video\Игры приколы над животными.wmv
Самые смешные приколы про животных,Самые смешные приколы про животных,Самые смешные приколы про животных,Pets,TRUE,F:\Visual Studio\Projects\generatorOfVideoImages\generatorOfVideoImages\bin\Debug\video\Самые смешные приколы про животных.wmv
Подборка приколов с животными,Подборка приколов с животными,Подборка приколов с животными,Pets,TRUE,F:\Visual Studio\Projects\generatorOfVideoImages\generatorOfVideoImages\bin\Debug\video\Подборка приколов с животными.wmv
Новые приколы про животных,Новые приколы про животных,Новые приколы про животных,Pets,TRUE,F:\Visual Studio\Projects\generatorOfVideoImages\generatorOfVideoImages\bin\Debug\video\Новые приколы про животных.wmv
Приколы про людей и животных,Приколы про людей и животных,Приколы про людей и животных,Pets,TRUE,F:\Visual Studio\Projects\generatorOfVideoImages\generatorOfVideoImages\bin\Debug\video\Приколы про людей и животных.wmv
Приколы с животными 2013 бесплатно,Приколы с животными 2013 бесплатно,Приколы с животными 2013 бесплатно,Pets,TRUE,F:\Visual Studio\Projects\generatorOfVideoImages\generatorOfVideoImages\bin\Debug\video\Приколы с животными 2013 бесплатно.wmv
Посмотреть приколы про животных,Посмотреть приколы про животных,Посмотреть приколы про животных,Pets,TRUE,F:\Visual Studio\Projects\generatorOfVideoImages\generatorOfVideoImages\bin\Debug\video\Посмотреть приколы про животных.wmv
Приколы с животными youtube,Приколы с животными youtube,Приколы с животными youtube,Pets,TRUE,F:\Visual Studio\Projects\generatorOfVideoImages\generatorOfVideoImages\bin\Debug\video\Приколы с животными youtube.wmv
Лучшие приколы с животными видео,Лучшие приколы с животными видео,Лучшие приколы с животными видео,Pets,TRUE,F:\Visual Studio\Projects\generatorOfVideoImages\generatorOfVideoImages\bin\Debug\video\Лучшие приколы с животными видео.wmv
Скачать бесплатно приколы про животных,Скачать бесплатно приколы про животных,Скачать бесплатно приколы про животных,Pets,TRUE,F:\Visual Studio\Projects\generatorOfVideoImages\generatorOfVideoImages\bin\Debug\video\Скачать бесплатно приколы про животных.wmv
Видио приколы животных,Видио приколы животных,Видио приколы животных,Pets,TRUE,F:\Visual Studio\Projects\generatorOfVideoImages\generatorOfVideoImages\bin\Debug\video\Видио приколы животных.wmv
Ютюб приколы с животными,Ютюб приколы с животными,Ютюб приколы с животными,Pets,TRUE,F:\Visual Studio\Projects\generatorOfVideoImages\generatorOfVideoImages\bin\Debug\video\Ютюб приколы с животными.wmv
Приколы торрент про животных,Приколы торрент про животных,Приколы торрент про животных,Pets,TRUE,F:\Visual Studio\Projects\generatorOfVideoImages\generatorOfVideoImages\bin\Debug\video\Приколы торрент про животных.wmv
Ролики приколы про животных,Ролики приколы про животных,Ролики приколы про животных,Pets,TRUE,F:\Visual Studio\Projects\generatorOfVideoImages\generatorOfVideoImages\bin\Debug\video\Ролики приколы про животных.wmv
Видео приколы животные скачать бесплатно,Видео приколы животные скачать бесплатно,Видео приколы животные скачать бесплатно,Pets,TRUE,F:\Visual Studio\Projects\generatorOfVideoImages\generatorOfVideoImages\bin\Debug\video\Видео приколы животные скачать бесплатно.wmv
Приколы про животных скачать торрент,Приколы про животных скачать торрент,Приколы про животных скачать торрент,Pets,TRUE,F:\Visual Studio\Projects\generatorOfVideoImages\generatorOfVideoImages\bin\Debug\video\Приколы про животных скачать торрент.wmv
Игры для девочек животные приколы,Игры для девочек животные приколы,Игры для девочек животные приколы,Pets,TRUE,F:\Visual Studio\Projects\generatorOfVideoImages\generatorOfVideoImages\bin\Debug\video\Игры для девочек животные приколы.wmv
Приколы про животных кошек,Приколы про животных кошек,Приколы про животных кошек,Pets,TRUE,F:\Visual Studio\Projects\generatorOfVideoImages\generatorOfVideoImages\bin\Debug\video\Приколы про животных кошек.wmv
Очень смешные приколы про животных,Очень смешные приколы про животных,Очень смешные приколы про животных,Pets,TRUE,F:\Visual Studio\Projects\generatorOfVideoImages\generatorOfVideoImages\bin\Debug\video\Очень смешные приколы про животных.wmv
О чем думают животные приколы,О чем думают животные приколы,О чем думают животные приколы,Pets,TRUE,F:\Visual Studio\Projects\generatorOfVideoImages\generatorOfVideoImages\bin\Debug\video\О чем думают животные приколы.wmv
Видео про животных приколы торрент,Видео про животных приколы торрент,Видео про животных приколы торрент,Pets,TRUE,F:\Visual Studio\Projects\generatorOfVideoImages\generatorOfVideoImages\bin\Debug\video\Видео про животных приколы торрент.wmv
Как едят животные прикол,Как едят животные прикол,Как едят животные прикол,Pets,TRUE,F:\Visual Studio\Projects\generatorOfVideoImages\generatorOfVideoImages\bin\Debug\video\Как едят животные прикол.wmv
Ржачные приколы про животных,Ржачные приколы про животных,Ржачные приколы про животных,Pets,TRUE,F:\Visual Studio\Projects\generatorOfVideoImages\generatorOfVideoImages\bin\Debug\video\Ржачные приколы про животных.wmv
Подборка приколов 2013 с животными,Подборка приколов 2013 с животными,Подборка приколов 2013 с животными,Pets,TRUE,F:\Visual Studio\Projects\generatorOfVideoImages\generatorOfVideoImages\bin\Debug\video\Подборка приколов 2013 с животными.wmv
Ютуб приколы животные и дети,Ютуб приколы животные и дети,Ютуб приколы животные и дети,Pets,TRUE,F:\Visual Studio\Projects\generatorOfVideoImages\generatorOfVideoImages\bin\Debug\video\Ютуб приколы животные и дети.wmv
Приколы животный мир,Приколы животный мир,Приколы животный мир,Pets,TRUE,F:\Visual Studio\Projects\generatorOfVideoImages\generatorOfVideoImages\bin\Debug\video\Приколы животный мир.wmv
Бесплатно посмотреть приколы про животных,Бесплатно посмотреть приколы про животных,Бесплатно посмотреть приколы про животных,Pets,TRUE,F:\Visual Studio\Projects\generatorOfVideoImages\generatorOfVideoImages\bin\Debug\video\Бесплатно посмотреть приколы про животных.wmv
Ютюб приколы с животными видео,Ютюб приколы с животными видео,Ютюб приколы с животными видео,Pets,TRUE,F:\Visual Studio\Projects\generatorOfVideoImages\generatorOfVideoImages\bin\Debug\video\Ютюб приколы с животными видео.wmv
Фото приколы смешные про животных,Фото приколы смешные про животных,Фото приколы смешные про животных,Pets,TRUE,F:\Visual Studio\Projects\generatorOfVideoImages\generatorOfVideoImages\bin\Debug\video\Фото приколы смешные про животных.wmv
Посмотреть видео приколы про животных,Посмотреть видео приколы про животных,Посмотреть видео приколы про животных,Pets,TRUE,F:\Visual Studio\Projects\generatorOfVideoImages\generatorOfVideoImages\bin\Debug\video\Посмотреть видео приколы про животных.wmv
Пьяные животные видео приколы,Пьяные животные видео приколы,Пьяные животные видео приколы,Pets,TRUE,F:\Visual Studio\Projects\generatorOfVideoImages\generatorOfVideoImages\bin\Debug\video\Пьяные животные видео приколы.wmv
Приколы с домашними животными,Приколы с домашними животными,Приколы с домашними животными,Pets,TRUE,F:\Visual Studio\Projects\generatorOfVideoImages\generatorOfVideoImages\bin\Debug\video\Приколы с домашними животными.wmv
Ю туб приколы с животными,Ю туб приколы с животными,Ю туб приколы с животными,Pets,TRUE,F:\Visual Studio\Projects\generatorOfVideoImages\generatorOfVideoImages\bin\Debug\video\Ю туб приколы с животными.wmv
Приколы с животными коты,Приколы с животными коты,Приколы с животными коты,Pets,TRUE,F:\Visual Studio\Projects\generatorOfVideoImages\generatorOfVideoImages\bin\Debug\video\Приколы с животными коты.wmv
Смотреть фото приколы про животных,Смотреть фото приколы про животных,Смотреть фото приколы про животных,Pets,TRUE,F:\Visual Studio\Projects\generatorOfVideoImages\generatorOfVideoImages\bin\Debug\video\Смотреть фото приколы про животных.wmv
Песни приколы про животных,Песни приколы про животных,Песни приколы про животных,Pets,TRUE,F:\Visual Studio\Projects\generatorOfVideoImages\generatorOfVideoImages\bin\Debug\video\Песни приколы про животных.wmv
Новые приколы про животных видео,Новые приколы про животных видео,Новые приколы про животных видео,Pets,TRUE,F:\Visual Studio\Projects\generatorOfVideoImages\generatorOfVideoImages\bin\Debug\video\Новые приколы про животных видео.wmv
Приколы про животных с озвучкой,Приколы про животных с озвучкой,Приколы про животных с озвучкой,Pets,TRUE,F:\Visual Studio\Projects\generatorOfVideoImages\generatorOfVideoImages\bin\Debug\video\Приколы про животных с озвучкой.wmv
Видео приколы кошки и животные,Видео приколы кошки и животные,Видео приколы кошки и животные,Pets,TRUE,F:\Visual Studio\Projects\generatorOfVideoImages\generatorOfVideoImages\bin\Debug\video\Видео приколы кошки и животные.wmv
Приколы с животными видео подборка,Приколы с животными видео подборка,Приколы с животными видео подборка,Pets,TRUE,F:\Visual Studio\Projects\generatorOfVideoImages\generatorOfVideoImages\bin\Debug\video\Приколы с животными видео подборка.wmv
Нарезка приколов про животных,Нарезка приколов про животных,Нарезка приколов про животных,Pets,TRUE,F:\Visual Studio\Projects\generatorOfVideoImages\generatorOfVideoImages\bin\Debug\video\Нарезка приколов про животных.wmv
Фото приколы с животными 2013,Фото приколы с животными 2013,Фото приколы с животными 2013,Pets,TRUE,F:\Visual Studio\Projects\generatorOfVideoImages\generatorOfVideoImages\bin\Debug\video\Фото приколы с животными 2013.wmv
Фото приколы про животных новые,Фото приколы про животных новые,Фото приколы про животных новые,Pets,TRUE,F:\Visual Studio\Projects\generatorOfVideoImages\generatorOfVideoImages\bin\Debug\video\Фото приколы про животных новые.wmv
Фото дети и животные приколы,Фото дети и животные приколы,Фото дети и животные приколы,Pets,TRUE,F:\Visual Studio\Projects\generatorOfVideoImages\generatorOfVideoImages\bin\Debug\video\Фото дети и животные приколы.wmv
Ютуб приколы смешные животные,Ютуб приколы смешные животные,Ютуб приколы смешные животные,Pets,TRUE,F:\Visual Studio\Projects\generatorOfVideoImages\generatorOfVideoImages\bin\Debug\video\Ютуб приколы смешные животные.wmv
Приколы с животными ютуб бесплатно,Приколы с животными ютуб бесплатно,Приколы с животными ютуб бесплатно,Pets,TRUE,F:\Visual Studio\Projects\generatorOfVideoImages\generatorOfVideoImages\bin\Debug\video\Приколы с животными ютуб бесплатно.wmv
Ю туб видео приколы животные,Ю туб видео приколы животные,Ю туб видео приколы животные,Pets,TRUE,F:\Visual Studio\Projects\generatorOfVideoImages\generatorOfVideoImages\bin\Debug\video\Ю туб видео приколы животные.wmv
Youtube видео приколы с животными,Youtube видео приколы с животными,Youtube видео приколы с животными,Pets,TRUE,F:\Visual Studio\Projects\generatorOfVideoImages\generatorOfVideoImages\bin\Debug\video\Youtube видео приколы с животными.wmv
Приколы в мире животных,Приколы в мире животных,Приколы в мире животных,Pets,TRUE,F:\Visual Studio\Projects\generatorOfVideoImages\generatorOfVideoImages\bin\Debug\video\Приколы в мире животных.wmv
Картинки приколы смешные про животных,Картинки приколы смешные про животных,Картинки приколы смешные про животных,Pets,TRUE,F:\Visual Studio\Projects\generatorOfVideoImages\generatorOfVideoImages\bin\Debug\video\Картинки приколы смешные про животных.wmv
Ютуб приколы с животными 2013,Ютуб приколы с животными 2013,Ютуб приколы с животными 2013,Pets,TRUE,F:\Visual Studio\Projects\generatorOfVideoImages\generatorOfVideoImages\bin\Debug\video\Ютуб приколы с животными 2013.wmv
Приколы с дикими животными,Приколы с дикими животными,Приколы с дикими животными,Pets,TRUE,F:\Visual Studio\Projects\generatorOfVideoImages\generatorOfVideoImages\bin\Debug\video\Приколы с дикими животными.wmv
Приколы про животных 2013 года,Приколы про животных 2013 года,Приколы про животных 2013 года,Pets,TRUE,F:\Visual Studio\Projects\generatorOfVideoImages\generatorOfVideoImages\bin\Debug\video\Приколы про животных 2013 года.wmv
Приколы видео русские животные,Приколы видео русские животные,Приколы видео русские животные,Pets,TRUE,F:\Visual Studio\Projects\generatorOfVideoImages\generatorOfVideoImages\bin\Debug\video\Приколы видео русские животные.wmv
Приколы про пьяных животных,Приколы про пьяных животных,Приколы про пьяных животных,Pets,TRUE,F:\Visual Studio\Projects\generatorOfVideoImages\generatorOfVideoImages\bin\Debug\video\Приколы про пьяных животных.wmv
Приколы про животных обезьяны,Приколы про животных обезьяны,Приколы про животных обезьяны,Pets,TRUE,F:\Visual Studio\Projects\generatorOfVideoImages\generatorOfVideoImages\bin\Debug\video\Приколы про животных обезьяны.wmv
Ytube приколы про животных,Ytube приколы про животных,Ytube приколы про животных,Pets,TRUE,F:\Visual Studio\Projects\generatorOfVideoImages\generatorOfVideoImages\bin\Debug\video\Ytube приколы про животных.wmv
Смотреть новые приколы про животных,Смотреть новые приколы про животных,Смотреть новые приколы про животных,Pets,TRUE,F:\Visual Studio\Projects\generatorOfVideoImages\generatorOfVideoImages\bin\Debug\video\Смотреть новые приколы про животных.wmv
Ytube видео приколы про животных,Ytube видео приколы про животных,Ytube видео приколы про животных,Pets,TRUE,F:\Visual Studio\Projects\generatorOfVideoImages\generatorOfVideoImages\bin\Debug\video\Ytube видео приколы про животных.wmv
Приколы про животных стихи,Приколы про животных стихи,Приколы про животных стихи,Pets,TRUE,F:\Visual Studio\Projects\generatorOfVideoImages\generatorOfVideoImages\bin\Debug\video\Приколы про животных стихи.wmv
Русские приколы про животных,Русские приколы про животных,Русские приколы про животных,Pets,TRUE,F:\Visual Studio\Projects\generatorOfVideoImages\generatorOfVideoImages\bin\Debug\video\Русские приколы про животных.wmv
Про животных собак приколы,Про животных собак приколы,Про животных собак приколы,Pets,TRUE,F:\Visual Studio\Projects\generatorOfVideoImages\generatorOfVideoImages\bin\Debug\video\Про животных собак приколы.wmv
Ютьюб приколы с животными,Ютьюб приколы с животными,Ютьюб приколы с животными,Pets,TRUE,F:\Visual Studio\Projects\generatorOfVideoImages\generatorOfVideoImages\bin\Debug\video\Ютьюб приколы с животными.wmv
Новые приколы с животными 2013,Новые приколы с животными 2013,Новые приколы с животными 2013,Pets,TRUE,F:\Visual Studio\Projects\generatorOfVideoImages\generatorOfVideoImages\bin\Debug\video\Новые приколы с животными 2013.wmv
Детские приколы про животных,Детские приколы про животных,Детские приколы про животных,Pets,TRUE,F:\Visual Studio\Projects\generatorOfVideoImages\generatorOfVideoImages\bin\Debug\video\Детские приколы про животных.wmv
Демотиваторы приколы про животных,Демотиваторы приколы про животных,Демотиваторы приколы про животных,Pets,TRUE,F:\Visual Studio\Projects\generatorOfVideoImages\generatorOfVideoImages\bin\Debug\video\Демотиваторы приколы про животных.wmv
Смотреть картинки приколы про животных,Смотреть картинки приколы про животных,Смотреть картинки приколы про животных,Pets,TRUE,F:\Visual Studio\Projects\generatorOfVideoImages\generatorOfVideoImages\bin\Debug\video\Смотреть картинки приколы про животных.wmv
Приколы про животных самые новые,Приколы про животных самые новые,Приколы про животных самые новые,Pets,TRUE,F:\Visual Studio\Projects\generatorOfVideoImages\generatorOfVideoImages\bin\Debug\video\Приколы про животных самые новые.wmv
Ржачные приколы про животных видео,Ржачные приколы про животных видео,Ржачные приколы про животных видео,Pets,TRUE,F:\Visual Studio\Projects\generatorOfVideoImages\generatorOfVideoImages\bin\Debug\video\Ржачные приколы про животных видео.wmv
Самые ржачные приколы про животных,Самые ржачные приколы про животных,Самые ржачные приколы про животных,Pets,TRUE,F:\Visual Studio\Projects\generatorOfVideoImages\generatorOfVideoImages\bin\Debug\video\Самые ржачные приколы про животных.wmv
Скачать картинки приколы про животных,Скачать картинки приколы про животных,Скачать картинки приколы про животных,Pets,TRUE,F:\Visual Studio\Projects\generatorOfVideoImages\generatorOfVideoImages\bin\Debug\video\Скачать картинки приколы про животных.wmv
Видеоролики приколы про животных,Видеоролики приколы про животных,Видеоролики приколы про животных,Pets,TRUE,F:\Visual Studio\Projects\generatorOfVideoImages\generatorOfVideoImages\bin\Debug\video\Видеоролики приколы про животных.wmv
Приколы с домашними животными видео,Приколы с домашними животными видео,Приколы с домашними животными видео,Pets,TRUE,F:\Visual Studio\Projects\generatorOfVideoImages\generatorOfVideoImages\bin\Debug\video\Приколы с домашними животными видео.wmv
Приколы про животных до слёз,Приколы про животных до слёз,Приколы про животных до слёз,Pets,TRUE,F:\Visual Studio\Projects\generatorOfVideoImages\generatorOfVideoImages\bin\Debug\video\Приколы про животных до слёз.wmv
Дружба животных приколы,Дружба животных приколы,Дружба животных приколы,Pets,TRUE,F:\Visual Studio\Projects\generatorOfVideoImages\generatorOfVideoImages\bin\Debug\video\Дружба животных приколы.wmv
Видео прикол как едят животные,Видео прикол как едят животные,Видео прикол как едят животные,Pets,TRUE,F:\Visual Studio\Projects\generatorOfVideoImages\generatorOfVideoImages\bin\Debug\video\Видео прикол как едят животные.wmv
Приколы людей с животными видео,Приколы людей с животными видео,Приколы людей с животными видео,Pets,TRUE,F:\Visual Studio\Projects\generatorOfVideoImages\generatorOfVideoImages\bin\Debug\video\Приколы людей с животными видео.wmv
Приколы с дикими животными видео,Приколы с дикими животными видео,Приколы с дикими животными видео,Pets,TRUE,F:\Visual Studio\Projects\generatorOfVideoImages\generatorOfVideoImages\bin\Debug\video\Приколы с дикими животными видео.wmv
Приколы животные смех,Приколы животные смех,Приколы животные смех,Pets,TRUE,F:\Visual Studio\Projects\generatorOfVideoImages\generatorOfVideoImages\bin\Debug\video\Приколы животные смех.wmv
Приколы животный смех,Приколы животный смех,Приколы животный смех,Pets,TRUE,F:\Visual Studio\Projects\generatorOfVideoImages\generatorOfVideoImages\bin\Debug\video\Приколы животный смех.wmv
Видео приколы говорящие животные,Видео приколы говорящие животные,Видео приколы говорящие животные,Pets,TRUE,F:\Visual Studio\Projects\generatorOfVideoImages\generatorOfVideoImages\bin\Debug\video\Видео приколы говорящие животные.wmv
Приколы про животных читать,Приколы про животных читать,Приколы про животных читать,Pets,TRUE,F:\Visual Studio\Projects\generatorOfVideoImages\generatorOfVideoImages\bin\Debug\video\Приколы про животных читать.wmv
Приколы про животных новинки,Приколы про животных новинки,Приколы про животных новинки,Pets,TRUE,F:\Visual Studio\Projects\generatorOfVideoImages\generatorOfVideoImages\bin\Debug\video\Приколы про животных новинки.wmv
Приколы со животными,Приколы со животными,Приколы со животными,Pets,TRUE,F:\Visual Studio\Projects\generatorOfVideoImages\generatorOfVideoImages\bin\Debug\video\Приколы со животными.wmv
Найти приколы про животных,Найти приколы про животных,Найти приколы про животных,Pets,TRUE,F:\Visual Studio\Projects\generatorOfVideoImages\generatorOfVideoImages\bin\Debug\video\Найти приколы про животных.wmv
Приколы с животными фотки,Приколы с животными фотки,Приколы с животными фотки,Pets,TRUE,F:\Visual Studio\Projects\generatorOfVideoImages\generatorOfVideoImages\bin\Debug\video\Приколы с животными фотки.wmv
Самые лучшие приколы с животными,Самые лучшие приколы с животными,Самые лучшие приколы с животными,Pets,TRUE,F:\Visual Studio\Projects\generatorOfVideoImages\generatorOfVideoImages\bin\Debug\video\Самые лучшие приколы с животными.wmv
Приколы в костюмах животных,Приколы в костюмах животных,Приколы в костюмах животных,Pets,TRUE,F:\Visual Studio\Projects\generatorOfVideoImages\generatorOfVideoImages\bin\Debug\video\Приколы в костюмах животных.wmv
Приколы про животных с музыкой,Приколы про животных с музыкой,Приколы про животных с музыкой,Pets,TRUE,F:\Visual Studio\Projects\generatorOfVideoImages\generatorOfVideoImages\bin\Debug\video\Приколы про животных с музыкой.wmv
Супер приколы видео про животных,Супер приколы видео про животных,Супер приколы видео про животных,Pets,TRUE,F:\Visual Studio\Projects\generatorOfVideoImages\generatorOfVideoImages\bin\Debug\video\Супер приколы видео про животных.wmv
Клипы приколы про животных,Клипы приколы про животных,Клипы приколы про животных,Pets,TRUE,F:\Visual Studio\Projects\generatorOfVideoImages\generatorOfVideoImages\bin\Debug\video\Клипы приколы про животных.wmv
Прикольные приколы про животных,Прикольные приколы про животных,Прикольные приколы про животных,Pets,TRUE,F:\Visual Studio\Projects\generatorOfVideoImages\generatorOfVideoImages\bin\Debug\video\Прикольные приколы про животных.wmv
Смотреть приколы с животными кошками,Смотреть приколы с животными кошками,Смотреть приколы с животными кошками,Pets,TRUE,F:\Visual Studio\Projects\generatorOfVideoImages\generatorOfVideoImages\bin\Debug\video\Смотреть приколы с животными кошками.wmv
Приколы с говорящими животными,Приколы с говорящими животными,Приколы с говорящими животными,Pets,TRUE,F:\Visual Studio\Projects\generatorOfVideoImages\generatorOfVideoImages\bin\Debug\video\Приколы с говорящими животными.wmv
Смотреть приколы про животных пьяных,Смотреть приколы про животных пьяных,Смотреть приколы про животных пьяных,Pets,TRUE,F:\Visual Studio\Projects\generatorOfVideoImages\generatorOfVideoImages\bin\Debug\video\Смотреть приколы про животных пьяных.wmv
Ютьюб видео приколы с животными,Ютьюб видео приколы с животными,Ютьюб видео приколы с животными,Pets,TRUE,F:\Visual Studio\Projects\generatorOfVideoImages\generatorOfVideoImages\bin\Debug\video\Ютьюб видео приколы с животными.wmv
Мультики приколы про животных,Мультики приколы про животных,Мультики приколы про животных,Pets,TRUE,F:\Visual Studio\Projects\generatorOfVideoImages\generatorOfVideoImages\bin\Debug\video\Мультики приколы про животных.wmv
Приколы на перце про животных,Приколы на перце про животных,Приколы на перце про животных,Pets,TRUE,F:\Visual Studio\Projects\generatorOfVideoImages\generatorOfVideoImages\bin\Debug\video\Приколы на перце про животных.wmv
Приколы поющие животные,Приколы поющие животные,Приколы поющие животные,Pets,TRUE,F:\Visual Studio\Projects\generatorOfVideoImages\generatorOfVideoImages\bin\Debug\video\Приколы поющие животные.wmv
Приколы про животных фото бесплатно,Приколы про животных фото бесплатно,Приколы про животных фото бесплатно,Pets,TRUE,F:\Visual Studio\Projects\generatorOfVideoImages\generatorOfVideoImages\bin\Debug\video\Приколы про животных фото бесплатно.wmv
Разные приколы про животных,Разные приколы про животных,Разные приколы про животных,Pets,TRUE,F:\Visual Studio\Projects\generatorOfVideoImages\generatorOfVideoImages\bin\Debug\video\Разные приколы про животных.wmv
Приколы пра животных,Приколы пра животных,Приколы пра животных,Pets,TRUE,F:\Visual Studio\Projects\generatorOfVideoImages\generatorOfVideoImages\bin\Debug\video\Приколы пра животных.wmv
Просмотр приколов про животных,Просмотр приколов про животных,Просмотр приколов про животных,Pets,TRUE,F:\Visual Studio\Projects\generatorOfVideoImages\generatorOfVideoImages\bin\Debug\video\Просмотр приколов про животных.wmv
Приколы про животных попугаев,Приколы про животных попугаев,Приколы про животных попугаев,Pets,TRUE,F:\Visual Studio\Projects\generatorOfVideoImages\generatorOfVideoImages\bin\Debug\video\Приколы про животных попугаев.wmv
Смотреть ржачные приколы про животных,Смотреть ржачные приколы про животных,Смотреть ржачные приколы про животных,Pets,TRUE,F:\Visual Studio\Projects\generatorOfVideoImages\generatorOfVideoImages\bin\Debug\video\Смотреть ржачные приколы про животных.wmv
Сборник приколов про животных,Сборник приколов про животных,Сборник приколов про животных,Pets,TRUE,F:\Visual Studio\Projects\generatorOfVideoImages\generatorOfVideoImages\bin\Debug\video\Сборник приколов про животных.wmv
Приколы забавные животные,Приколы забавные животные,Приколы забавные животные,Pets,TRUE,F:\Visual Studio\Projects\generatorOfVideoImages\generatorOfVideoImages\bin\Debug\video\Приколы забавные животные.wmv
Www youtube com приколы животных,Www youtube com приколы животных,Www youtube com приколы животных,Pets,TRUE,F:\Visual Studio\Projects\generatorOfVideoImages\generatorOfVideoImages\bin\Debug\video\Www youtube com приколы животных.wmv
Приколы про животных играть,Приколы про животных играть,Приколы про животных играть,Pets,TRUE,F:\Visual Studio\Projects\generatorOfVideoImages\generatorOfVideoImages\bin\Debug\video\Приколы про животных играть.wmv
Фотографии животных приколы,Фотографии животных приколы,Фотографии животных приколы,Pets,TRUE,F:\Visual Studio\Projects\generatorOfVideoImages\generatorOfVideoImages\bin\Debug\video\Фотографии животных приколы.wmv
Ютюб приколы смотреть про животных,Ютюб приколы смотреть про животных,Ютюб приколы смотреть про животных,Pets,TRUE,F:\Visual Studio\Projects\generatorOfVideoImages\generatorOfVideoImages\bin\Debug\video\Ютюб приколы смотреть про животных.wmv
Смотреть нарезки приколов про животных,Смотреть нарезки приколов про животных,Смотреть нарезки приколов про животных,Pets,TRUE,F:\Visual Studio\Projects\generatorOfVideoImages\generatorOfVideoImages\bin\Debug\video\Смотреть нарезки приколов про животных.wmv
Ю тюб приколы с животными,Ю тюб приколы с животными,Ю тюб приколы с животными,Pets,TRUE,F:\Visual Studio\Projects\generatorOfVideoImages\generatorOfVideoImages\bin\Debug\video\Ю тюб приколы с животными.wmv
Приколы с животными 2012,Приколы с животными 2012,Приколы с животными 2012,Pets,TRUE,F:\Visual Studio\Projects\generatorOfVideoImages\generatorOfVideoImages\bin\Debug\video\Приколы с животными 2012.wmv
Рисунки приколы животные,Рисунки приколы животные,Рисунки приколы животные,Pets,TRUE,F:\Visual Studio\Projects\generatorOfVideoImages\generatorOfVideoImages\bin\Debug\video\Рисунки приколы животные.wmv
Картинки про животных приколы бесплатно,Картинки про животных приколы бесплатно,Картинки про животных приколы бесплатно,Pets,TRUE,F:\Visual Studio\Projects\generatorOfVideoImages\generatorOfVideoImages\bin\Debug\video\Картинки про животных приколы бесплатно.wmv
Супер приколы с животными,Супер приколы с животными,Супер приколы с животными,Pets,TRUE,F:\Visual Studio\Projects\generatorOfVideoImages\generatorOfVideoImages\bin\Debug\video\Супер приколы с животными.wmv
Смотреть подборка приколов с животными,Смотреть подборка приколов с животными,Смотреть подборка приколов с животными,Pets,TRUE,F:\Visual Studio\Projects\generatorOfVideoImages\generatorOfVideoImages\bin\Debug\video\Смотреть подборка приколов с животными.wmv
Яндекс видео приколы про животных,Яндекс видео приколы про животных,Яндекс видео приколы про животных,Pets,TRUE,F:\Visual Studio\Projects\generatorOfVideoImages\generatorOfVideoImages\bin\Debug\video\Яндекс видео приколы про животных.wmv
Приколы про животных ржач,Приколы про животных ржач,Приколы про животных ржач,Pets,TRUE,F:\Visual Studio\Projects\generatorOfVideoImages\generatorOfVideoImages\bin\Debug\video\Приколы про животных ржач.wmv
Приколы анекдоты про животных,Приколы анекдоты про животных,Приколы анекдоты про животных,Pets,TRUE,F:\Visual Studio\Projects\generatorOfVideoImages\generatorOfVideoImages\bin\Debug\video\Приколы анекдоты про животных.wmv
Нарезка приколов с животными 2013,Нарезка приколов с животными 2013,Нарезка приколов с животными 2013,Pets,TRUE,F:\Visual Studio\Projects\generatorOfVideoImages\generatorOfVideoImages\bin\Debug\video\Нарезка приколов с животными 2013.wmv
Приколы с участием животных,Приколы с участием животных,Приколы с участием животных,Pets,TRUE,F:\Visual Studio\Projects\generatorOfVideoImages\generatorOfVideoImages\bin\Debug\video\Приколы с участием животных.wmv
Приколы про животных яички,Приколы про животных яички,Приколы про животных яички,Pets,TRUE,F:\Visual Studio\Projects\generatorOfVideoImages\generatorOfVideoImages\bin\Debug\video\Приколы про животных яички.wmv
Видео приколы животный смех,Видео приколы животный смех,Видео приколы животный смех,Pets,TRUE,F:\Visual Studio\Projects\generatorOfVideoImages\generatorOfVideoImages\bin\Debug\video\Видео приколы животный смех.wmv
Приколы с животными коты фото,Приколы с животными коты фото,Приколы с животными коты фото,Pets,TRUE,F:\Visual Studio\Projects\generatorOfVideoImages\generatorOfVideoImages\bin\Debug\video\Приколы с животными коты фото.wmv
Приколы с животными 2013 картинки,Приколы с животными 2013 картинки,Приколы с животными 2013 картинки,Pets,TRUE,F:\Visual Studio\Projects\generatorOfVideoImages\generatorOfVideoImages\bin\Debug\video\Приколы с животными 2013 картинки.wmv
Видео приколы про животных нарезка,Видео приколы про животных нарезка,Видео приколы про животных нарезка,Pets,TRUE,F:\Visual Studio\Projects\generatorOfVideoImages\generatorOfVideoImages\bin\Debug\video\Видео приколы про животных нарезка.wmv
Веселые приколы про животных,Веселые приколы про животных,Веселые приколы про животных,Pets,TRUE,F:\Visual Studio\Projects\generatorOfVideoImages\generatorOfVideoImages\bin\Debug\video\Веселые приколы про животных.wmv
Приколы c животными,Приколы c животными,Приколы c животными,Pets,TRUE,F:\Visual Studio\Projects\generatorOfVideoImages\generatorOfVideoImages\bin\Debug\video\Приколы c животными.wmv
Самые прикольные приколы про животных,Самые прикольные приколы про животных,Самые прикольные приколы про животных,Pets,TRUE,F:\Visual Studio\Projects\generatorOfVideoImages\generatorOfVideoImages\bin\Debug\video\Самые прикольные приколы про животных.wmv
Приколы с малышами и животными,Приколы с малышами и животными,Приколы с малышами и животными,Pets,TRUE,F:\Visual Studio\Projects\generatorOfVideoImages\generatorOfVideoImages\bin\Debug\video\Приколы с малышами и животными.wmv
Дружба между животными прикол,Дружба между животными прикол,Дружба между животными прикол,Pets,TRUE,F:\Visual Studio\Projects\generatorOfVideoImages\generatorOfVideoImages\bin\Debug\video\Дружба между животными прикол.wmv
Игры приколы над животными бесплатно,Игры приколы над животными бесплатно,Игры приколы над животными бесплатно,Pets,TRUE,F:\Visual Studio\Projects\generatorOfVideoImages\generatorOfVideoImages\bin\Debug\video\Игры приколы над животными бесплатно.wmv
Игры приколы издевательства над животными,Игры приколы издевательства над животными,Игры приколы издевательства над животными,Pets,TRUE,F:\Visual Studio\Projects\generatorOfVideoImages\generatorOfVideoImages\bin\Debug\video\Игры приколы издевательства над животными.wmv
Приколы из жизни животных,Приколы из жизни животных,Приколы из жизни животных,Pets,TRUE,F:\Visual Studio\Projects\generatorOfVideoImages\generatorOfVideoImages\bin\Debug\video\Приколы из жизни животных.wmv
Передача приколы про животных,Передача приколы про животных,Передача приколы про животных,Pets,TRUE,F:\Visual Studio\Projects\generatorOfVideoImages\generatorOfVideoImages\bin\Debug\video\Передача приколы про животных.wmv
Приколы пр животных,Приколы пр животных,Приколы пр животных,Pets,TRUE,F:\Visual Studio\Projects\generatorOfVideoImages\generatorOfVideoImages\bin\Debug\video\Приколы пр животных.wmv
Приколы майнкрафт про животных,Приколы майнкрафт про животных,Приколы майнкрафт про животных,Pets,TRUE,F:\Visual Studio\Projects\generatorOfVideoImages\generatorOfVideoImages\bin\Debug\video\Приколы майнкрафт про животных.wmv
Анимационные картинки приколы с животными,Анимационные картинки приколы с животными,Анимационные картинки приколы с животными,Pets,TRUE,F:\Visual Studio\Projects\generatorOfVideoImages\generatorOfVideoImages\bin\Debug\video\Анимационные картинки приколы с животными.wmv
В мире животных видео приколы,В мире животных видео приколы,В мире животных видео приколы,Pets,TRUE,F:\Visual Studio\Projects\generatorOfVideoImages\generatorOfVideoImages\bin\Debug\video\В мире животных видео приколы.wmv
Виде приколы про животных,Виде приколы про животных,Виде приколы про животных,Pets,TRUE,F:\Visual Studio\Projects\generatorOfVideoImages\generatorOfVideoImages\bin\Debug\video\Виде приколы про животных.wmv
Взаимопомощь животных приколы,Взаимопомощь животных приколы,Взаимопомощь животных приколы,Pets,TRUE,F:\Visual Studio\Projects\generatorOfVideoImages\generatorOfVideoImages\bin\Debug\video\Взаимопомощь животных приколы.wmv
Приколы про животных под музыку,Приколы про животных под музыку,Приколы про животных под музыку,Pets,TRUE,F:\Visual Studio\Projects\generatorOfVideoImages\generatorOfVideoImages\bin\Debug\video\Приколы про животных под музыку.wmv
Приколы про мультяшных животных,Приколы про мультяшных животных,Приколы про мультяшных животных,Pets,TRUE,F:\Visual Studio\Projects\generatorOfVideoImages\generatorOfVideoImages\bin\Debug\video\Приколы про мультяшных животных.wmv
Приколы с животными ютуб фото,Приколы с животными ютуб фото,Приколы с животными ютуб фото,Pets,TRUE,F:\Visual Studio\Projects\generatorOfVideoImages\generatorOfVideoImages\bin\Debug\video\Приколы с животными ютуб фото.wmv
Картинки приколы смешные животные анимация,Картинки приколы смешные животные анимация,Картинки приколы смешные животные анимация,Pets,TRUE,F:\Visual Studio\Projects\generatorOfVideoImages\generatorOfVideoImages\bin\Debug\video\Картинки приколы смешные животные анимация.wmv
